-- MySQL dump 10.16  Distrib 10.1.44-MariaDB, for debian-linux-gnu (x86_64)
--
-- Host: localhost    Database: hine
-- ------------------------------------------------------
-- Server version	10.1.44-MariaDB-0ubuntu0.18.04.1

/*!40101 SET @OLD_CHARACTER_SET_CLIENT=@@CHARACTER_SET_CLIENT */;
/*!40101 SET @OLD_CHARACTER_SET_RESULTS=@@CHARACTER_SET_RESULTS */;
/*!40101 SET @OLD_COLLATION_CONNECTION=@@COLLATION_CONNECTION */;
/*!40101 SET NAMES utf8mb4 */;
/*!40103 SET @OLD_TIME_ZONE=@@TIME_ZONE */;
/*!40103 SET TIME_ZONE='+00:00' */;
/*!40014 SET @OLD_UNIQUE_CHECKS=@@UNIQUE_CHECKS, UNIQUE_CHECKS=0 */;
/*!40014 SET @OLD_FOREIGN_KEY_CHECKS=@@FOREIGN_KEY_CHECKS, FOREIGN_KEY_CHECKS=0 */;
/*!40101 SET @OLD_SQL_MODE=@@SQL_MODE, SQL_MODE='NO_AUTO_VALUE_ON_ZERO' */;
/*!40111 SET @OLD_SQL_NOTES=@@SQL_NOTES, SQL_NOTES=0 */;

--
-- Current Database: `hine`
--

CREATE DATABASE /*!32312 IF NOT EXISTS*/ `hine` /*!40100 DEFAULT CHARACTER SET utf8mb4 */;

USE `hine`;

--
-- Table structure for table `inspectionlogs`
--

DROP TABLE IF EXISTS `inspectionlogs`;
/*!40101 SET @saved_cs_client     = @@character_set_client */;
/*!40101 SET character_set_client = utf8 */;
CREATE TABLE `inspectionlogs` (
  `id` int(11) NOT NULL AUTO_INCREMENT,
  `dateReceived` date DEFAULT NULL,
  `hineReference` varchar(20) DEFAULT NULL,
  `supplierDelivery` varchar(20) DEFAULT NULL,
  `supplierName` varchar(10) DEFAULT NULL,
  `auditor` varchar(2) DEFAULT NULL,
  PRIMARY KEY (`id`)
) ENGINE=InnoDB AUTO_INCREMENT=26 DEFAULT CHARSET=utf8mb4;
/*!40101 SET character_set_client = @saved_cs_client */;

--
-- Dumping data for table `inspectionlogs`
--

LOCK TABLES `inspectionlogs` WRITE;
/*!40000 ALTER TABLE `inspectionlogs` DISABLE KEYS */;
INSERT INTO `inspectionlogs` VALUES (1,'2019-07-01','USPON/1969','1494802','LoveJoy','ZA'),(2,'2019-07-01','USPOI/2640','INSI/20290079','Hine','ZA'),(3,'2019-07-01','USPOI/2642','INSI/20190081','Hine','ZA'),(4,'2019-07-02','uspoi/2427','717500159','Millpart','ZA'),(5,'2019-07-10','VARIOS','AVRN30E/2553','HINE','ZA'),(6,'2019-07-10','USOPI//2629','AVRN30E/2554','HINE','ZA'),(7,'2019-07-10','VARIOS','AVRN30E/2552','HINE','ZA'),(8,'2019-07-10','USPOI/2510','AVRN30E/2556','HINE','ZA'),(9,'2019-07-10','USPOI/2605AIR','AVRN30E/2536','HINE','ZA'),(10,'2019-07-10','USPOI/2510','AVRN30E/2555','HINE','ZA'),(11,'2019-07-10','VARIOS','AVRN30E/2516','HINE','ZA'),(12,'2019-07-10','USPOI/2614','AVRN30E/2515','HINE','ZA'),(13,'2019-07-10','VARIOS','AVRN30E/2514','HINE','ZA'),(14,'2019-07-10','USPOI/2614','AVRN30E/2513','HINE','ZA'),(15,'2019-07-10','USPOI/2614','AVRN30E/2512','HINE','ZA'),(16,'2019-07-10','USPOI/2614','AVRN30E/2511','HINE','ZA'),(17,'2019-07-10','VARIOS','AVRN30E/2510','HINE','ZA'),(18,'2019-07-10','USPOI/2492','AVRN30E/2509','HINE','ZA'),(19,'2019-07-10','USPOI/2581','AVRN30E/2508','HINE','ZA'),(20,'2019-07-10','VARIOS','AVRN30E/2507','HINE','ZA'),(21,'2019-07-10','VARIOS','AVRN30E/2506','HINE','ZA'),(22,'2019-07-10','USPOI/2444','AVRN30E/2517','HINE','ZA'),(23,'2019-08-06','USPOI/2582','DL50886391','Bucher','ZA'),(24,'2019-08-06','USPOI/2564','78657886','Filtration','ZA'),(25,'2019-08-06','USPOI/2564','78658097','Filtration','ZA');
/*!40000 ALTER TABLE `inspectionlogs` ENABLE KEYS */;
UNLOCK TABLES;

--
-- Table structure for table `listparts`
--

DROP TABLE IF EXISTS `listparts`;
/*!40101 SET @saved_cs_client     = @@character_set_client */;
/*!40101 SET character_set_client = utf8 */;
CREATE TABLE `listparts` (
  `id` int(11) NOT NULL AUTO_INCREMENT,
  `listPartNum` varchar(25) DEFAULT NULL,
  `listQty` int(11) DEFAULT NULL,
  `picklistId` int(11) DEFAULT NULL,
  PRIMARY KEY (`id`),
  KEY `picklistId` (`picklistId`),
  CONSTRAINT `listparts_ibfk_1` FOREIGN KEY (`picklistId`) REFERENCES `picklist` (`id`)
) ENGINE=InnoDB DEFAULT CHARSET=utf8mb4;
/*!40101 SET character_set_client = @saved_cs_client */;

--
-- Dumping data for table `listparts`
--

LOCK TABLES `listparts` WRITE;
/*!40000 ALTER TABLE `listparts` DISABLE KEYS */;
/*!40000 ALTER TABLE `listparts` ENABLE KEYS */;
UNLOCK TABLES;

--
-- Table structure for table `parts`
--

DROP TABLE IF EXISTS `parts`;
/*!40101 SET @saved_cs_client     = @@character_set_client */;
/*!40101 SET character_set_client = utf8 */;
CREATE TABLE `parts` (
  `id` int(11) NOT NULL AUTO_INCREMENT,
  `partNumber` varchar(25) DEFAULT NULL,
  `location` varchar(25) DEFAULT NULL,
  `qty` int(11) DEFAULT NULL,
  `todowork` tinyint(1) DEFAULT '0',
  `problemDesc` varchar(60) DEFAULT NULL,
  PRIMARY KEY (`id`)
) ENGINE=InnoDB AUTO_INCREMENT=570 DEFAULT CHARSET=utf8mb4;
/*!40101 SET character_set_client = @saved_cs_client */;

--
-- Dumping data for table `parts`
--

LOCK TABLES `parts` WRITE;
/*!40000 ALTER TABLE `parts` DISABLE KEYS */;
INSERT INTO `parts` VALUES (55,'JUNTA78942','B1Shelf2',361,NULL,NULL),(56,'JUNTA78849','B1Shelf2',340,NULL,NULL),(60,'BR500','F3Shelf2',221,NULL,NULL),(269,'B30423NJ15','2600',0,0,NULL),(270,'fxdacan21lpm','2600',0,0,NULL),(273,'b30213nj15','2600',0,0,NULL),(324,'29090841','C6Shelf1',549,0,NULL),(325,'1WCPA302','C6Shelf1',140,0,NULL),(326,'PY2668','C6Shelf1',50,0,NULL),(332,'SSDH-16','B1Shelf1',210,0,NULL),(337,'JUNTA78942','C6Shelf1',700,0,NULL),(338,'JUNTA88257','C6Shelf1',300,0,NULL),(339,'JUNTA88503','C6Shelf1',98,0,NULL),(349,'401AA00013A','B2Shelf4',36,0,NULL),(351,'hc0228','2600',1,0,NULL),(352,'hc0227','2600',1,0,NULL),(353,'hc0230','2600',1,0,NULL),(354,'hc0226','2600',1,0,NULL),(355,'hc0229','2600',1,0,NULL),(356,'hc0224','2600',1,0,NULL),(357,'hps11-250-180-0350','2600',3,0,NULL),(358,'hr000376.c','2600',2,0,NULL),(359,'hr000442.b','2600',1,0,NULL),(360,'hr000376.c','2600',2,0,NULL),(362,'T9121640','D1Shelf1',550,0,NULL),(363,'T912425A2','D1Shelf1',5500,0,NULL),(364,'T912835G','D1Shelf1',7000,0,NULL),(365,'T9121035','D1Shelf1',2100,0,NULL),(366,'T912840G','D1Shelf1',3500,0,NULL),(367,'T9332265A4','D1Shelf1',1915,0,NULL),(368,'T9331025G','D1Shelf1',4500,0,NULL),(369,'T9331025A4','D1Shelf1',400,0,NULL),(370,'T9331055A4','D1Shelf1',813,0,NULL),(371,'T9331020A470','D1Shelf1',280,0,NULL),(372,'T9331045A4','D1Shelf1',846,0,NULL),(373,'T9331640','D1Shelf1',50,0,NULL),(375,'T9331645A4','D1Shelf1',400,0,NULL),(376,'T9331635','D1Shelf1',320,0,NULL),(378,'T9331650','D1Shelf1',250,0,NULL),(380,'T9331030G','D1Shelf1',10250,0,NULL),(381,'T9331030','D1Shelf1',1625,0,NULL),(382,'T9331035','D1Shelf1',642,0,NULL),(383,'T912690','D1Shelf1',1600,0,NULL),(384,'T912530','D1Shelf1',900,0,NULL),(385,'T912570','D1Shelf1',243,0,NULL),(386,'T912670G','D1Shelf1',100,0,NULL),(387,'T912670','D1Shelf1',100,0,NULL),(388,'T912890','D1Shelf1',14,0,NULL),(389,'T9128130','D1Shelf1',18,0,NULL),(390,'T912835A4','D1Shelf1',1320,0,NULL),(391,'T912835G','D1Shelf1',4000,0,NULL),(393,'T912830','D1Shelf1',2700,0,NULL),(394,'9128120G','D1Shelf1',350,0,NULL),(395,'T912825','D1Shelf1',500,0,NULL),(396,'T933660G','D1Shelf2',320,0,NULL),(397,'T933830G','D1Shelf2',3903,0,NULL),(399,'T9121035','D1Shelf2',3600,0,NULL),(400,'T912616I','D1Shelf2',200,0,NULL),(401,'T9121230','D1Shelf2',4100,0,NULL),(402,'T9121025G','D1Shelf2',1200,0,NULL),(403,'T9121235G','D1Shelf2',680,0,NULL),(404,'T912129645G','D1Shelf2',48,0,NULL),(405,'T912820G','D1Shelf2',2000,0,NULL),(406,'T912820','D1Shelf2',5800,0,NULL),(407,'T9121040AZ','D1Shelf2',159,0,NULL),(408,'T9121240G','D1Shelf2',200,0,NULL),(409,'T912830','D1Shelf2',3000,0,NULL),(410,'T912820D','D1Shelf2',2300,0,NULL),(411,'T9331250G','D1Shelf2',960,0,NULL),(412,'T9331235','D1Shelf2',1187,0,NULL),(413,'T9331235A4','D1Shelf2',1200,0,NULL),(414,'T9331225G','D1Shelf2',5100,0,NULL),(415,'T9331225','D1Shelf2',1833,0,NULL),(417,'T933850G','D1Shelf2',848,0,NULL),(418,'T933670','D1Shelf2',2200,0,NULL),(419,'T93367510.9DT','D1Shelf2',518,0,NULL),(420,'T933640G','D1Shelf2',1480,0,NULL),(421,'T933670G','D1Shelf2',400,0,NULL),(422,'T933655','D1Shelf2',1300,0,NULL),(423,'T933645','D1Shelf2',1600,0,NULL),(424,'T933640','D1Shelf2',699,0,NULL),(425,'T933675','D1Shelf2',300,0,NULL),(426,'T933630','D1Shelf2',16,0,NULL),(427,'T933620','D1Shelf2',24,0,NULL),(428,'T933825','D1Shelf2',59,0,NULL),(429,'T933850','D1Shelf2',322,0,NULL),(430,'T933850D','D1Shelf2',194,0,NULL),(431,'T933820D','D1Shelf2',160,0,NULL),(433,'T91210110G','D1Shelf3',683,0,NULL),(435,'T9121030G','D1Shelf3',1200,0,NULL),(436,'T9121030','D1Shelf3',10000,0,NULL),(437,'T9331240','D1Shelf3',11,0,NULL),(438,'T9331230','D1Shelf3',128,0,NULL),(439,'T9331230G','D1Shelf3',11193,0,NULL),(440,'T9331040A4','D1Shelf3',1550,0,NULL),(442,'T9331245G','D1Shelf4',842,0,NULL),(443,'T9331230A4','D1Shelf4',750,0,NULL),(444,'T9331245A4','D1Shelf4',850,0,NULL),(445,'T9331030A470','D1Shelf3',3600,0,NULL),(446,'T933830A470','D1Shelf3',1600,0,NULL),(447,'T9331020A470','D1Shelf3',1000,0,NULL),(448,'T9332060A470','D1Shelf3',50,0,NULL),(449,'T9331235A470','D1Shelf3',400,0,NULL),(450,'T9121230G','D1Shelf3',2300,0,NULL),(451,'T9331645G','D1Shelf1',1550,0,NULL),(452,'T9121040','D1Shelf1',2500,0,NULL),(453,'T9331035G','D1Shelf1',3900,0,NULL),(454,'T9121235A4','D1Shelf3',0,0,NULL),(455,'T9331050A4','D1Shelf3',2799,0,NULL),(456,'T9331250A4','D1Shelf4',400,0,NULL),(457,'T9331270G','D1Shelf4',400,0,NULL),(458,'T9331655A4','D1Shelf1',150,0,NULL),(459,'T933835G','D1Shelf2',23308,0,NULL),(469,'T1258A4','D2Shelf1',1500,0,NULL),(470,'T9311690','D2Shelf1',2775,0,NULL),(471,'T9311070A4','D2Shelf1',990,0,NULL),(472,'T9311070A470','D2Shelf1',11,0,NULL),(473,'T93112200G','D2Shelf1',200,0,NULL),(474,'T12520A4','D2Shelf1',5850,0,NULL),(475,'T12522A4','D2Shelf1',891,0,NULL),(476,'T12516A4','D2Shelf1',721,0,NULL),(477,'T12516','D2Shelf1',1400,0,NULL),(478,'T1258G','D2Shelf1',49000,0,NULL),(479,'T1258','D2Shelf1',4041,0,NULL),(480,'T12510G','D2Shelf1',7200,0,NULL),(481,'T1278G','D2Shelf1',60,0,NULL),(482,'T12512A4','D2Shelf1',3500,0,NULL),(483,'T12512','D2Shelf1',1400,0,NULL),(484,'T12510','D2Shelf1',7600,0,NULL),(486,'T93416','D2Shelf1',800,0,NULL),(487,'T9346I','D2Shelf1',1200,0,NULL),(488,'T9346G','D2Shelf1',350,0,NULL),(489,'T93410D','D2Shelf1',56,0,NULL),(490,'T93412G','D2Shelf1',2791,0,NULL),(491,'T9348','D2Shelf1',4982,0,NULL),(492,'T9348G','D2Shelf1',30944,0,NULL),(493,'T9348A4','D2Shelf1',3738,0,NULL),(494,'DLDAXCN224','D2Shelf2',192,0,NULL),(495,'T9311060A4','D2Shelf2',50,0,NULL),(496,'T9312270A4','D2Shelf2',1040,0,NULL),(497,'T9312070A4','D2Shelf2',100,0,NULL),(500,'T12510A4','D2Shelf2',51800,0,NULL),(501,'T79841635','D2Shelf3',1243,0,NULL),(502,'T691616D','D2Shelf3',20,0,NULL),(503,'T798012A4','D2Shelf3',3400,0,NULL),(504,'T691016D','D2Shelf3',20,0,NULL),(505,'T12714','D2Shelf3',18,0,NULL),(506,'T12716','D2Shelf3',56,0,NULL),(507,'T798012G','D2Shelf3',201,0,NULL),(508,'T7991815','D2Shelf3',52,0,NULL),(509,'T79808','D2Shelf3',3000,0,NULL),(510,'T12710','D2Shelf3',5100,0,NULL),(511,'T9391650G','D2Shelf3',426,0,NULL),(512,'T798010A4','D2Shelf3',100,0,NULL),(513,'T798010','D2Shelf3',7700,0,NULL),(514,'29047417','D3Shelf1',120,0,NULL),(515,'29090732','D3Shelf1',260,0,NULL),(516,'29057338','D3Shelf1',100,0,NULL),(517,'29050868','D3Shelf1',150,0,NULL),(518,'29063192V02','D3Shelf1',222,0,NULL),(519,'29090729','D3Shelf1',61,0,NULL),(520,'T12512G','D2Shelf3',20000,0,NULL),(521,'T98522A4','D2Shelf3',43,0,NULL),(522,'T98516A4','D2Shelf3',2200,0,NULL),(523,'T98520A470','D2Shelf3',150,0,NULL),(524,'T98512A4','D2Shelf3',6000,0,NULL),(525,'T9858A470','D2Shelf3',4000,0,NULL),(526,'T9856A4','D2Shelf3',450,0,NULL),(527,'T98510A470','D2Shelf3',3800,0,NULL),(528,'T98510A4','D2Shelf4',3200,0,NULL),(529,'T902120A4','D2Shelf4',235,0,NULL),(530,'T90218PA6.6','D2Shelf4',3800,0,NULL),(531,'T90218A4','D2Shelf4',4784,0,NULL),(532,'T90216G','D2Shelf4',400,0,NULL),(533,'T902112G','D2Shelf4',500,0,NULL),(534,'T902110G','D2Shelf4',755,0,NULL),(535,'T902110D','D2Shelf4',80,0,NULL),(541,'29090731','D4Shelf1',239,0,NULL),(542,'29046756','D4Shelf1',31,0,NULL),(543,'A40728VG01','D4Shelf1',540,0,NULL),(544,'CVEVXCN','D4Shelf1',96,0,NULL),(545,'B51107JG01','D4Shelf1',60,0,NULL),(546,'29090728','D5Shelf1',71,0,NULL),(548,'V0397831','D5Shelf1',88,0,NULL),(549,'29050869','D5Shelf1',24,0,NULL),(550,'29050870','D5Shelf1',38,0,NULL),(551,'29046797','D5Shelf1',67,0,NULL),(552,'29046795','D5Shelf1',24,0,NULL),(553,'29046758','D5Shelf1',72,0,NULL),(554,'T12512TZN','D2Shelf1',3000,0,NULL),(555,'29090750','D6Shelf1',144,0,NULL),(556,'29102243','D6Shelf1',258,0,NULL),(557,'29090734','D6Shelf1',260,0,NULL),(558,'29057996','D6Shelf1',20,0,NULL),(559,'29090751','D6Shelf1',612,0,NULL),(560,'29090735','D6Shelf1',393,0,NULL),(561,'29090743','D7Shelf1',99,0,NULL),(562,'29090841','D7Shelf1',554,0,NULL),(563,'29057338','D7Shelf1',98,0,NULL),(564,'29063191','D7Shelf1',64,0,NULL),(565,'29102224','D7Shelf1',177,0,NULL),(566,'29102229','D7Shelf1',39,0,NULL),(567,'10204653','D7Shelf1',25,0,NULL),(569,'29063190','D8Shelf1',111,0,NULL);
/*!40000 ALTER TABLE `parts` ENABLE KEYS */;
UNLOCK TABLES;

--
-- Table structure for table `partsinlog`
--

DROP TABLE IF EXISTS `partsinlog`;
/*!40101 SET @saved_cs_client     = @@character_set_client */;
/*!40101 SET character_set_client = utf8 */;
CREATE TABLE `partsinlog` (
  `id` int(11) NOT NULL AUTO_INCREMENT,
  `partNumReceived` varchar(25) DEFAULT NULL,
  `partQuantityReceived` int(11) DEFAULT NULL,
  `partsId` int(11) DEFAULT NULL,
  PRIMARY KEY (`id`),
  KEY `partsId` (`partsId`),
  CONSTRAINT `partsinlog_ibfk_1` FOREIGN KEY (`partsId`) REFERENCES `inspectionlogs` (`id`)
) ENGINE=InnoDB AUTO_INCREMENT=46 DEFAULT CHARSET=utf8mb4;
/*!40101 SET character_set_client = @saved_cs_client */;

--
-- Dumping data for table `partsinlog`
--

LOCK TABLES `partsinlog` WRITE;
/*!40000 ALTER TABLE `partsinlog` DISABLE KEYS */;
INSERT INTO `partsinlog` VALUES (1,'SP380354',500,1),(2,'98837484',5,2),(3,'GP344840',1,3),(4,'GP305427, HC0344-HC0345',2,3),(5,'8-5945_C',208,4),(6,'RHV35LREDOMDCF5BAR',185,5),(7,'RHV28LREDOMDCF05BAR',50,5),(8,'29083442_R1',65,5),(9,'PEFF33GS',200,5),(10,'PEFF35GS',200,5),(11,'FM16SSSA',150,5),(12,'29063190',215,6),(13,'DEP21685A',6,7),(14,'29102243',170,7),(15,'GALVACB6',200,7),(16,'DPB2',560,7),(17,'HR000443.A',45,7),(18,'ZR235-11Z-1637-ST',77,7),(19,'R16X2.571',396,8),(20,'29102243',130,9),(21,'492-16',336,10),(22,'TISO50',200,11),(23,'29090733',30,12),(24,'29090733',30,12),(25,'29090751',540,13),(26,'29102243',120,13),(27,'29090704',25,14),(28,'29090704',24,15),(29,'SSDH-32',140,16),(30,'SSDH-32',210,17),(31,'SSDH-32',210,18),(32,'421SN-20',100,19),(33,'GALVACB6',160,20),(34,'G-M8-80-ST',300,20),(35,'VO397881',100,20),(36,'29090841',250,21),(37,'PEFF32GS',957,21),(38,'SFL-20',80,21),(39,'29083442_R1',45,21),(40,'JUNTA58949.C',5,21),(41,'GALVACB6',200,21),(42,'RBPR538',50,21),(43,'R16X2.571',1008,22),(44,'400510068',1000,23),(45,'PI50040-056/1/SONDER',168,24);
/*!40000 ALTER TABLE `partsinlog` ENABLE KEYS */;
UNLOCK TABLES;

--
-- Table structure for table `picklist`
--

DROP TABLE IF EXISTS `picklist`;
/*!40101 SET @saved_cs_client     = @@character_set_client */;
/*!40101 SET character_set_client = utf8 */;
CREATE TABLE `picklist` (
  `id` int(11) NOT NULL AUTO_INCREMENT,
  `name` varchar(20) DEFAULT NULL,
  PRIMARY KEY (`id`)
) ENGINE=InnoDB AUTO_INCREMENT=8 DEFAULT CHARSET=utf8mb4;
/*!40101 SET character_set_client = @saved_cs_client */;

--
-- Dumping data for table `picklist`
--

LOCK TABLES `picklist` WRITE;
/*!40000 ALTER TABLE `picklist` DISABLE KEYS */;
INSERT INTO `picklist` VALUES (1,'pitch'),(2,'cooler top'),(3,'nordex'),(4,'cpu'),(5,'hpu'),(6,'afm'),(7,'db');
/*!40000 ALTER TABLE `picklist` ENABLE KEYS */;
UNLOCK TABLES;
/*!40103 SET TIME_ZONE=@OLD_TIME_ZONE */;

/*!40101 SET SQL_MODE=@OLD_SQL_MODE */;
/*!40014 SET FOREIGN_KEY_CHECKS=@OLD_FOREIGN_KEY_CHECKS */;
/*!40014 SET UNIQUE_CHECKS=@OLD_UNIQUE_CHECKS */;
/*!40101 SET CHARACTER_SET_CLIENT=@OLD_CHARACTER_SET_CLIENT */;
/*!40101 SET CHARACTER_SET_RESULTS=@OLD_CHARACTER_SET_RESULTS */;
/*!40101 SET COLLATION_CONNECTION=@OLD_COLLATION_CONNECTION */;
/*!40111 SET SQL_NOTES=@OLD_SQL_NOTES */;

-- Dump completed on 2020-09-05 13:25:31
